{
 "sent_at": "2026-06-11T16:18:27Z",
 "tipo": "previa",
 "p_home": 0.6752409367749803,
 "p_draw": 0.21811138818859502,
 "p_away": 0.10664767503642475,
 "top_score": "1-0",
 "lineups_source": null,
 "market": {
  "ph": 0.6896669322796627,
  "pd": 0.2056249621974028,
  "pa": 0.10470810552293455,
  "n_books": 24
 }
}